split,model,AUROC,AUPRC,F1,FAR,seed
known (val),XGBoost,0.6359659722222222,0.857137171576756,0.8387785038005068,0.7,42
known (val),RandomForest,0.6950722222222222,0.8897961514325333,0.8430637386181039,0.995,42
known (val),LogisticRegression,0.7042527777777777,0.8907376985168003,0.8368386675375572,0.8,42
known (val),SVM,0.7019069444444446,0.8858458059005537,0.8044048243314106,0.9,42
known (val),LSTM,0.7741402777777777,0.9265217498222792,0.7622118329840399,0.9,42
known (val),GRU,0.8197619212962962,0.9432389961326548,0.8201802941641626,0.9008333333333334,42
known (val),TemporalCNN,0.7006747685185186,0.8935874426223864,0.7974947807933194,0.7116666666666667,42
known (val),IsolationForest,0.477337962962963,0.7785805895686775,0.3504594820384294,1.0,42
known (val),OneClassSVM,0.4733333333333333,0.7507287419919584,0.4888888888888889,0.9,42
known (val),Autoencoder,0.7237664351851852,0.9096939952247128,0.0466630493760173,0.9841666666666666,42
known (val),QuantumKernel,0.542937062937063,0.8196071870925833,0.8733031674208145,0.9272727272727272,42
known (val),VQC,0.5338927738927739,0.7866461388403203,0.7085714285714285,0.9454545454545454,42
known (val),Q-TRACE,0.6108275462962963,0.8503151490072871,0.1037661311561759,0.9225,42
zero_day,XGBoost,0.449808912037037,0.720889243013547,0.8161094224924013,0.905,42
zero_day,RandomForest,0.6277928240740741,0.8249978370467962,0.8233316088980859,1.0,42
zero_day,LogisticRegression,0.5602363425925926,0.8230590198448158,0.7647534357316087,0.9991666666666666,42
zero_day,SVM,0.6105925925925926,0.8166502993326888,0.873525307624001,0.7,42
zero_day,LSTM,0.512521875,0.7690692127478432,0.699578567128236,0.9,42
zero_day,GRU,0.5558166666666667,0.7789168299217067,0.7297853572478683,0.87,42
zero_day,TemporalCNN,0.4861849537037037,0.773086259068313,0.7628694324961842,0.9958333333333332,42
zero_day,IsolationForest,0.581374074074074,0.8303931612916426,0.5151395988989382,0.9808333333333332,42
zero_day,OneClassSVM,0.41,0.7451039199279788,0.4,1.0,42
zero_day,Autoencoder,0.7010149305555555,0.8908675643005568,0.0121479845389287,0.9608333333333332,42
zero_day,QuantumKernel,0.5462937062937062,0.8231226445082677,0.8662131519274376,0.9454545454545454,42
zero_day,VQC,0.3782284382284382,0.6902003698125969,0.6966292134831461,0.9454545454545454,42
zero_day,Q-TRACE,0.7523486111111111,0.9003247509417023,0.0386815581585399,0.85,42
physical_shift,XGBoost,0.6899424768518518,0.8954274313211362,0.801854869031207,1.0,42
physical_shift,RandomForest,0.4322162037037037,0.717197802460845,0.8571428571428571,0.8,42
physical_shift,LogisticRegression,0.5941106481481482,0.8592405721987527,0.3232417326502096,0.9983333333333332,42
physical_shift,SVM,0.4936837962962963,0.7988525596538291,0.8405797101449275,1.0,42
physical_shift,LSTM,0.6331648148148148,0.8748359514450331,0.7568157033805889,0.9,42
physical_shift,GRU,0.5467331018518519,0.7911467522764636,0.6837294332723949,0.9991666666666666,42
physical_shift,TemporalCNN,0.6916293981481481,0.8942164967371348,0.4700382490437739,0.9725,42
physical_shift,IsolationForest,0.669600462962963,0.871297889670703,0.648630594522378,0.86,42
physical_shift,OneClassSVM,0.41,0.7333763582370689,0.3333333333333333,1.0,42
physical_shift,Autoencoder,0.7599418981481482,0.9194554102121776,0.0349344978165938,0.8166666666666667,42
physical_shift,QuantumKernel,0.4648018648018648,0.8116799469488635,0.8662131519274376,1.0,42
physical_shift,VQC,0.4178554778554779,0.7963822586508367,0.5784615384615385,1.0,42
physical_shift,Q-TRACE,0.7135122685185185,0.8875124458719937,0.061389337641357,0.795,42
compositional,XGBoost,0.6186352430555556,0.8722273719062454,0.8229051957152869,1.0,42
compositional,RandomForest,0.6717614583333333,0.9099433749205056,0.8259958071278826,1.0,42
compositional,LogisticRegression,0.7932432291666667,0.9486093747720696,0.8679623321979564,0.8441666666666666,42
compositional,SVM,0.5563986111111112,0.8686734608178648,0.8397790055248618,0.9,42
compositional,LSTM,0.7814507812499999,0.9243128713903216,0.8733569789276028,0.7008333333333333,42
compositional,GRU,0.6390190972222222,0.8679618615293608,0.8216458533461415,0.9983333333333332,42
compositional,TemporalCNN,0.7734045138888888,0.940019913956908,0.8488621287886519,0.8,42
compositional,IsolationForest,0.8636380208333333,0.965385925316531,0.6501687289088864,0.6416666666666667,42
compositional,OneClassSVM,0.5525,0.8006874746660241,0.4642857142857143,0.9,42
compositional,Autoencoder,0.8100998263888888,0.9524491847016668,0.0185758513931888,0.8133333333333334,42
compositional,QuantumKernel,0.4215578111209179,0.8168670673502896,0.8764044943820225,1.0,42
compositional,VQC,0.4704324801412179,0.8162163598077058,0.6376811594202898,0.8636363636363636,42
compositional,Q-TRACE,0.8072968749999999,0.9413167989135672,0.0396160914845823,0.8275,42
known (val),XGBoost,0.7412432870370371,0.8954308689333612,0.8652843458227234,0.8616666666666667,43
known (val),RandomForest,0.7652636574074074,0.9117387342319322,0.8301693175987686,0.9991666666666666,43
known (val),LogisticRegression,0.6381902777777778,0.8730199952434999,0.7706855791962175,0.9983333333333332,43
known (val),SVM,0.5081043981481481,0.7878714159208595,0.7513007284079084,1.0,43
known (val),LSTM,0.6309077546296296,0.8588280812042338,0.7612720848056537,0.9983333333333332,43
known (val),GRU,0.5977751157407407,0.8186625523853328,0.7561478225030911,0.9908333333333332,43
known (val),TemporalCNN,0.6579262731481481,0.8710845748856352,0.8069815195071869,0.9,43
known (val),IsolationForest,0.7649972222222221,0.9107218718743632,0.471662067501592,0.6725,43
known (val),OneClassSVM,0.5533333333333333,0.7938777165322639,0.5957446808510638,0.9,43
known (val),Autoencoder,0.7108648148148149,0.8970761666112878,0.0856155277851635,0.8808333333333334,43
known (val),QuantumKernel,0.3472261072261072,0.7447038581352861,0.8610478359908884,0.9818181818181818,43
known (val),VQC,0.4137062937062937,0.734787338051986,0.5907692307692308,0.9272727272727272,43
known (val),Q-TRACE,0.7680085648148147,0.9195462062690792,0.1376099327470253,0.8883333333333333,43
zero_day,XGBoost,0.4312722222222221,0.7419930869363256,0.8325428675665816,1.0,43
zero_day,RandomForest,0.4170083333333332,0.663509706989864,0.8588235294117647,0.8,43
zero_day,LogisticRegression,0.5931960648148149,0.8410419474824242,0.8273657289002557,0.9,43
zero_day,SVM,0.4513104166666666,0.7665682649525938,0.7811071609954292,1.0,43
zero_day,LSTM,0.6113178240740742,0.8274546848396098,0.6937159821870361,0.9183333333333332,43
zero_day,GRU,0.6225979166666666,0.8214486072085803,0.7877744296168747,0.7425,43
zero_day,TemporalCNN,0.634015162037037,0.8442297757371318,0.7634276342763427,0.8975,43
zero_day,IsolationForest,0.6859442129629629,0.8896288434400481,0.3743508692707157,0.9991666666666666,43
zero_day,OneClassSVM,0.5533333333333333,0.7972791171664335,0.4390243902439024,1.0,43
zero_day,Autoencoder,0.6104462962962963,0.8263705218370136,0.0317113176599234,0.9008333333333334,43
zero_day,QuantumKernel,0.4447552447552448,0.7190139707649756,0.8764044943820225,0.9272727272727272,43
zero_day,VQC,0.464009324009324,0.7630142711407847,0.5723684210526315,1.0,43
zero_day,Q-TRACE,0.6764807870370371,0.8565286341339561,0.0492957746478873,0.8275,43
physical_shift,XGBoost,0.6380491898148148,0.8454457308701218,0.6755052546483428,0.9991666666666666,43
physical_shift,RandomForest,0.6083402777777778,0.857407140471498,0.6761399125546533,0.9966666666666668,43
physical_shift,LogisticRegression,0.7744613425925926,0.920242495873163,0.613785136696188,0.8883333333333333,43
physical_shift,SVM,0.6737775462962963,0.8576787182829102,0.5512167515563101,0.6,43
physical_shift,LSTM,0.8358787037037037,0.943513363950546,0.4877126654064272,0.6566666666666666,43
physical_shift,GRU,0.7295407407407408,0.9115287949123738,0.4745762711864407,0.9991666666666666,43
physical_shift,TemporalCNN,0.8362368055555556,0.9426154772795808,0.661474370585039,0.7025,43
physical_shift,IsolationForest,0.6488909722222223,0.8649127049686323,0.7201248049921997,0.9933333333333332,43
physical_shift,OneClassSVM,0.6333333333333333,0.8653481673823107,0.5777777777777777,1.0,43
physical_shift,Autoencoder,0.7446601851851852,0.9143409181293356,0.1122181436811746,0.8791666666666667,43
physical_shift,QuantumKernel,0.4496969696969696,0.7468065686883839,0.805,0.8909090909090909,43
physical_shift,VQC,0.7017715617715619,0.9041954262721764,0.6283783783783784,0.9818181818181818,43
physical_shift,Q-TRACE,0.5606631944444445,0.8249086709580427,0.111227701993704,0.99,43
compositional,XGBoost,0.6240815104166667,0.8242120449969257,0.888630415818552,0.7691666666666667,43
compositional,RandomForest,0.7236493055555555,0.902263518491596,0.879914154716613,0.8375,43
compositional,LogisticRegression,0.7259006944444445,0.9244285944519074,0.8583265966046888,0.8916666666666667,43
compositional,SVM,0.6848500000000001,0.9094623991726408,0.880248833592535,0.8,43
compositional,LSTM,0.6231361979166666,0.862706169299652,0.7920393559928444,0.9983333333333332,43
compositional,GRU,0.606765625,0.8251007790280337,0.8251895534962089,0.8991666666666667,43
compositional,TemporalCNN,0.69449296875,0.9083369647291192,0.8653069267908168,0.845,43
compositional,IsolationForest,0.7843822916666667,0.9425609512152996,0.541033434650456,0.745,43
compositional,OneClassSVM,0.3625,0.7357412559716454,0.3461538461538461,0.9,43
compositional,Autoencoder,0.7629874999999999,0.9390266958190244,0.0436111677195842,0.9641666666666666,43
compositional,QuantumKernel,0.5056266548984996,0.8324022209348381,0.8883928571428571,0.9545454545454546,43
compositional,VQC,0.5500330979699912,0.8423800358224585,0.6424242424242425,0.8636363636363636,43
compositional,Q-TRACE,0.7549942708333333,0.923316949773221,0.0845969672785315,0.855,43
known (val),XGBoost,0.6691120370370371,0.8640663037076345,0.8544343270550081,0.7641666666666667,44
known (val),RandomForest,0.6102895833333333,0.8594710227726912,0.8122071672787134,0.9275,44
known (val),LogisticRegression,0.7768155092592592,0.92624664501791,0.8548252415603006,0.9758333333333332,44
known (val),SVM,0.7271402777777779,0.8870461690180128,0.8571428571428571,0.6991666666666667,44
known (val),LSTM,0.7432758101851852,0.9070208771446636,0.8435476584851679,0.9025,44
known (val),GRU,0.6304059027777779,0.8495857829715663,0.7904774786960639,1.0,44
known (val),TemporalCNN,0.7679630787037037,0.9204588171069856,0.8571428571428571,0.805,44
known (val),IsolationForest,0.6366069444444444,0.8236141653037821,0.5825458588104503,0.9191666666666668,44
known (val),OneClassSVM,0.54,0.8130554955847714,0.4102564102564102,0.9,44
known (val),Autoencoder,0.7200523148148148,0.8946186234854978,0.0942297511911064,0.765,44
known (val),QuantumKernel,0.4115617715617716,0.7179074699095096,0.8798185941043084,0.8909090909090909,44
known (val),VQC,0.4484382284382284,0.7818493544851925,0.5838509316770186,0.9636363636363636,44
known (val),Q-TRACE,0.6731534722222222,0.880509496789494,0.1347150259067357,0.8958333333333334,44
zero_day,XGBoost,0.5991861111111111,0.8278980967457487,0.7957385242667369,0.8991666666666667,44
zero_day,RandomForest,0.620100462962963,0.8454007639931792,0.7716431677427856,0.9,44
zero_day,LogisticRegression,0.4963708333333333,0.769473231090404,0.8379752966820053,0.9816666666666668,44
zero_day,SVM,0.5182707175925927,0.7563581275206707,0.8263267557298689,0.9991666666666666,44
zero_day,LSTM,0.6073380787037037,0.8386155732823826,0.6565056954917375,0.8,44
zero_day,GRU,0.5677987268518518,0.7444810205727754,0.7511778563015312,0.8166666666666667,44
zero_day,TemporalCNN,0.5059664351851851,0.7504893974981565,0.8571428571428571,0.9,44
zero_day,IsolationForest,0.5316627314814815,0.7231426737940272,0.3963860053825451,0.6591666666666667,44
zero_day,OneClassSVM,0.4166666666666666,0.6622644542869212,0.3720930232558139,0.8,44
zero_day,Autoencoder,0.7544091435185185,0.9085136286752712,0.0769230769230769,0.8866666666666667,44
zero_day,QuantumKernel,0.4269463869463869,0.7825643559700114,0.8662131519274376,0.9636363636363636,44
zero_day,VQC,0.3524941724941725,0.6805634245148388,0.5907692307692308,0.9454545454545454,44
zero_day,Q-TRACE,0.627305324074074,0.81760306503929,0.1054564533053515,0.8675,44
physical_shift,XGBoost,0.5856396990740741,0.773198561805484,0.8528311621307881,0.7533333333333333,44
physical_shift,RandomForest,0.5923418981481482,0.8111185579655293,0.8422313939555319,0.895,44
physical_shift,LogisticRegression,0.7327298611111112,0.9043392387030283,0.793068881569526,0.8375,44
physical_shift,SVM,0.6864870370370371,0.8624256635497642,0.237885462555066,0.7891666666666667,44
physical_shift,LSTM,0.6927467592592593,0.8861924122377731,0.6618106139438086,0.7,44
physical_shift,GRU,0.6289576388888889,0.8228131411586155,0.7203518350015166,0.9908333333333332,44
physical_shift,TemporalCNN,0.5913498842592593,0.83683538191724,0.8608297153883261,0.7941666666666667,44
physical_shift,IsolationForest,0.5127875,0.8044927797927326,0.6217791411042944,0.8958333333333334,44
physical_shift,OneClassSVM,0.5466666666666666,0.7849381308216103,0.5116279069767442,0.9,44
physical_shift,Autoencoder,0.6032925925925926,0.8396760211314654,0.1443298969072164,0.8725,44
physical_shift,QuantumKernel,0.5342657342657342,0.8039805101093367,0.8764044943820225,0.8727272727272727,44
physical_shift,VQC,0.4706759906759907,0.7944228797335662,0.60625,1.0,44
physical_shift,Q-TRACE,0.5666048611111111,0.8179756364669011,0.1031578947368421,0.8983333333333333,44
compositional,XGBoost,0.7124270833333333,0.9222705515269144,0.833705899504325,1.0,44
compositional,RandomForest,0.82089375,0.9539476268089472,0.9014612954186414,0.6283333333333333,44
compositional,LogisticRegression,0.8467574652777778,0.9619391329516208,0.8881676557863502,0.8191666666666667,44
compositional,SVM,0.5873638888888889,0.865839020583159,0.8888888888888888,0.8991666666666667,44
compositional,LSTM,0.7466056423611112,0.9271732411739468,0.8478396994364433,0.7991666666666667,44
compositional,GRU,0.6905907986111111,0.9112050450449988,0.8183729241118352,0.8991666666666667,44
compositional,TemporalCNN,0.7948797743055556,0.9484592817552288,0.8888888888888888,0.8316666666666667,44
compositional,IsolationForest,0.6316605902777778,0.8515499260939576,0.606429684180711,0.9991666666666666,44
compositional,OneClassSVM,0.6224999999999999,0.8664733011367061,0.4727272727272727,0.9,44
compositional,Autoencoder,0.7739723958333333,0.9438640229128654,0.0124223602484472,0.9733333333333334,44
compositional,QuantumKernel,0.5322153574580759,0.8250009259469482,0.9035087719298246,0.9772727272727272,44
compositional,VQC,0.5220653133274492,0.8383140729168072,0.6055045871559633,0.9545454545454546,44
compositional,Q-TRACE,0.7733652777777777,0.9368260934399032,0.0181668042939719,0.8841666666666667,44
known (val),XGBoost,0.8103620370370371,0.9363406301601752,0.8532629196529612,0.7983333333333333,45
known (val),RandomForest,0.8451712962962963,0.948417713192818,0.8753262896208825,0.6066666666666667,45
known (val),LogisticRegression,0.8049182870370372,0.9336470646011932,0.8404452690166976,0.7066666666666667,45
known (val),SVM,0.742382175925926,0.8947051293008108,0.8627049180327869,0.7,45
known (val),LSTM,0.8113798611111112,0.9290484994078028,0.8785046728971962,0.5991666666666666,45
known (val),GRU,0.7689690972222222,0.9169710270111604,0.8680555555555556,0.735,45
known (val),TemporalCNN,0.7801134259259259,0.921518296591404,0.8289322617680827,0.8983333333333333,45
known (val),IsolationForest,0.6544291666666666,0.8444912287162496,0.672254819782062,0.9625,45
known (val),OneClassSVM,0.6321164351851853,0.8468538820212141,0.2857142857142857,0.9,45
known (val),Autoencoder,0.7730606481481481,0.9295617657603064,0.054054054054054,0.965,45
known (val),QuantumKernel,0.5184149184149184,0.8251183100508102,0.8764044943820225,0.8363636363636363,45
known (val),VQC,0.4366899766899766,0.7545865208387577,0.6060606060606061,1.0,45
known (val),Q-TRACE,0.6879118055555555,0.8937966062417244,0.0784627702161729,0.97,45
zero_day,XGBoost,0.2650362268518518,0.6137366969100726,0.7654320987654321,1.0,45
zero_day,RandomForest,0.1988854166666666,0.5929529992120164,0.7678090103966114,1.0,45
zero_day,LogisticRegression,0.3748814814814815,0.6599931546580597,0.661521839790091,0.9075,45
zero_day,SVM,0.3961268518518518,0.7125452098683318,0.6979519869795199,1.0,45
zero_day,LSTM,0.2612988425925926,0.6530272680539972,0.5828483920367534,1.0,45
zero_day,GRU,0.4033224537037037,0.7310021989870775,0.755509463313456,1.0,45
zero_day,TemporalCNN,0.4418798611111111,0.7321440601527853,0.498174865287676,0.8691666666666666,45
zero_day,IsolationForest,0.4391071759259259,0.7516684703509255,0.5843028019007046,1.0,45
zero_day,OneClassSVM,0.3833333333333333,0.7189903543089429,0.2285714285714285,1.0,45
zero_day,Autoencoder,0.6565189814814815,0.8818464998574528,0.126463700234192,0.9825,45
zero_day,QuantumKernel,0.3452680652680652,0.6928460626507714,0.8733031674208145,0.9090909090909092,45
zero_day,VQC,0.5138927738927739,0.8152156178385415,0.6666666666666666,1.0,45
zero_day,Q-TRACE,0.6579298611111111,0.8765681264025997,0.1683621566632757,0.9616666666666668,45
physical_shift,XGBoost,0.6157100694444444,0.8188043850214207,0.8571428571428571,0.8991666666666667,45
physical_shift,RandomForest,0.656616087962963,0.8732456855742466,0.8584714439012758,0.8,45
physical_shift,LogisticRegression,0.687149074074074,0.8865118678662159,0.5191279308926368,0.8908333333333334,45
physical_shift,SVM,0.6034641203703703,0.8245692804508791,0.7419918462434478,0.9991666666666666,45
physical_shift,LSTM,0.6801924768518519,0.8157530030627664,0.6788233270256322,0.8983333333333333,45
physical_shift,GRU,0.5432796296296296,0.833287540748652,0.8560533841754051,0.9075,45
physical_shift,TemporalCNN,0.6492116898148148,0.8716972922174312,0.5565015479876161,0.8991666666666667,45
physical_shift,IsolationForest,0.5966446759259258,0.8396593965410382,0.432726511822557,0.9616666666666668,45
physical_shift,OneClassSVM,0.4633333333333333,0.7267082994607593,0.3809523809523809,0.9,45
physical_shift,Autoencoder,0.6091173611111111,0.8531503026593784,0.061389337641357,0.8991666666666667,45
physical_shift,QuantumKernel,0.4606993006993007,0.7786129592638957,0.8525345622119815,0.9636363636363636,45
physical_shift,VQC,0.4678321678321678,0.7517577179386961,0.4859154929577465,1.0,45
physical_shift,Q-TRACE,0.5382342592592593,0.810798948818394,0.0815347721822542,0.9891666666666666,45
compositional,XGBoost,0.6696658854166666,0.893953818190304,0.8660640920295809,0.7916666666666666,45
compositional,RandomForest,0.645334375,0.8831527932050334,0.8500356815169742,0.7,45
compositional,LogisticRegression,0.8062996527777777,0.9469084790537248,0.876463762000211,0.8116666666666666,45
compositional,SVM,0.5946227430555555,0.8665952892507456,0.8595188595188595,0.8141666666666667,45
compositional,LSTM,0.6013282986111111,0.8231035131268634,0.8007820986313274,1.0,45
compositional,GRU,0.5949396701388889,0.8141878075677617,0.8317757009345794,1.0,45
compositional,TemporalCNN,0.8476692708333333,0.9583444702003424,0.8515497553017944,0.505,45
compositional,IsolationForest,0.9031822916666667,0.976719481513242,0.6787778695293146,0.6183333333333333,45
compositional,OneClassSVM,0.5968958333333334,0.8207368418003986,0.4150943396226415,0.8,45
compositional,Autoencoder,0.8152836805555554,0.951755386386656,0.0185758513931888,0.7708333333333334,45
compositional,QuantumKernel,0.612422771403354,0.894110632764735,0.9035087719298246,0.9318181818181818,45
compositional,VQC,0.353045013239188,0.7407275481508213,0.630057803468208,0.9318181818181818,45
compositional,Q-TRACE,0.8097909722222223,0.9485737893657972,0.0189847296739579,0.8175,45
known (val),XGBoost,0.4771019675925926,0.7808086281748785,0.826332288401254,0.9,46
known (val),RandomForest,0.5874178240740742,0.8533318722187087,0.7880357374077431,1.0,46
known (val),LogisticRegression,0.8522090277777778,0.9553279672401658,0.8556943242240633,0.815,46
known (val),SVM,0.7742273148148148,0.9178156148095188,0.8369351669941061,0.7975,46
known (val),LSTM,0.7175784722222223,0.8925014928646607,0.7883887252839714,0.9833333333333332,46
known (val),GRU,0.7524287037037037,0.8468358098968949,0.8719920261996298,0.8291666666666667,46
known (val),TemporalCNN,0.7069868055555556,0.9002336995585882,0.8123578975524943,0.7525,46
known (val),IsolationForest,0.6857270833333333,0.8527802554912272,0.5775862068965517,0.79,46
known (val),OneClassSVM,0.5766666666666667,0.7977020628399469,0.3243243243243243,0.9,46
known (val),Autoencoder,0.7852891203703704,0.9256730157261692,0.0556305698082635,0.7233333333333334,46
known (val),QuantumKernel,0.6470862470862471,0.8480281063357126,0.8578088578088578,0.9454545454545454,46
known (val),VQC,0.5502564102564103,0.8277573124444192,0.5814696485623003,0.9272727272727272,46
known (val),Q-TRACE,0.7532703703703703,0.9152199660336192,0.1269510926118626,0.8975,46
zero_day,XGBoost,0.6881945601851851,0.8704496471343381,0.8253269454875048,0.8991666666666667,46
zero_day,RandomForest,0.6694175925925927,0.8407084814398476,0.8226181254841208,0.8,46
zero_day,LogisticRegression,0.5535479166666667,0.8161987047140802,0.7664940926589672,0.9291666666666668,46
zero_day,SVM,0.5336261574074075,0.7741201612213537,0.7782987273945077,0.9658333333333332,46
zero_day,LSTM,0.6092020833333334,0.8099421129491653,0.8288050646267475,0.9,46
zero_day,GRU,0.5218969907407407,0.7795032486151148,0.7699127302950547,1.0,46
zero_day,TemporalCNN,0.524540162037037,0.8214065321438759,0.7560307732429261,1.0,46
zero_day,IsolationForest,0.6945777777777778,0.8733702342047387,0.4532268236283371,0.6283333333333333,46
zero_day,OneClassSVM,0.4866666666666667,0.7519374166831188,0.3414634146341463,0.8,46
zero_day,Autoencoder,0.5873145833333333,0.8432429335959821,0.0686695278969957,0.9575,46
zero_day,QuantumKernel,0.3743589743589743,0.7230397446476916,0.871331828442438,0.9818181818181818,46
zero_day,VQC,0.5858741258741259,0.8170622631682538,0.6258064516129033,0.9272727272727272,46
zero_day,Q-TRACE,0.6300856481481482,0.8585207780178938,0.1627966317938249,0.9333333333333332,46
physical_shift,XGBoost,0.4802760416666666,0.785202430579454,0.7035036698518211,1.0,46
physical_shift,RandomForest,0.4604988425925925,0.7840479589529683,0.8284110324627777,1.0,46
physical_shift,LogisticRegression,0.7555108796296297,0.9179093751097418,0.8571428571428571,0.9525,46
physical_shift,SVM,0.3537071759259259,0.7032440015570263,0.1569474442044636,1.0,46
physical_shift,LSTM,0.4930011574074073,0.7714289204382778,0.7049133768815677,0.9991666666666666,46
physical_shift,GRU,0.6579693287037036,0.8022232047963491,0.8443993917891536,0.8,46
physical_shift,TemporalCNN,0.6024866898148149,0.8579450573860021,0.630182978009065,0.8,46
physical_shift,IsolationForest,0.5907425925925927,0.8190978128217101,0.7677532013969732,0.9991666666666666,46
physical_shift,OneClassSVM,0.3399999999999999,0.6885055656821712,0.2105263157894736,1.0,46
physical_shift,Autoencoder,0.6884152777777779,0.8700274558184983,0.0830670926517571,0.8241666666666667,46
physical_shift,QuantumKernel,0.5032167832167833,0.7665273380820388,0.8658823529411764,0.8727272727272727,46
physical_shift,VQC,0.2814918414918415,0.6693619251502714,0.4919093851132686,1.0,46
physical_shift,Q-TRACE,0.6302090277777778,0.8436338359266424,0.0896789599363226,0.9808333333333332,46
compositional,XGBoost,0.6617940104166667,0.9022286219384488,0.8695321414986686,0.94,46
compositional,RandomForest,0.7465836805555557,0.9356776690431776,0.8752013645408888,0.9341666666666668,46
compositional,LogisticRegression,0.788754513888889,0.9452438703833762,0.8990914363038855,0.7016666666666667,46
compositional,SVM,0.5494774305555556,0.8354137401372885,0.8635691032849956,0.8,46
compositional,LSTM,0.6637025173611111,0.8824778135927472,0.8104333538714314,0.9991666666666666,46
compositional,GRU,0.7059089409722223,0.8815132007328129,0.8340901890379132,0.8733333333333333,46
compositional,TemporalCNN,0.7132310763888888,0.9152611858065682,0.8424015009380863,0.9991666666666666,46
compositional,IsolationForest,0.6469149305555555,0.8285446085085039,0.6515943544171459,0.9116666666666666,46
compositional,OneClassSVM,0.4624999999999999,0.791169158290133,0.2857142857142857,0.9,46
compositional,Autoencoder,0.7216388888888888,0.923553773519508,0.0263157894736842,0.9416666666666668,46
compositional,QuantumKernel,0.3405229479258606,0.7704727999779388,0.8783783783783784,0.9772727272727272,46
compositional,VQC,0.4668468667255075,0.8419927525310389,0.6036585365853658,1.0,46
compositional,Q-TRACE,0.6712243055555556,0.9045077523202184,0.1128366424218596,0.9433333333333334,46
